ID,Title,Difficulty,Topics
0000,"Combinational logic (wires, assign & constants)",1,"modules, ports, assign, constant drivers"
0001,Combinational logic (basic gates incl. NOT),1,"bitwise operators, multiple outputs"
0002,Combinational logic (2-to-1 multiplexer),2,"conditional operator, selection"
0003,Vectors (part-select & slicing),1,"vectors, part-select"
0004,Vectors (reduction operators),2,reduction & | ^
0005,Vectors (concatenation & replication),2,"{a,b} concat, {N{x}} replication"
0006,Vectors (arrays & bit/byte reverse),2,"for loop, byte lanes, endianness"
0007,Combinational logic (half & full adder),2,"carry logic, arithmetic from gates"
0008,"Combinational logic (ripple-carry adder, generate)",3,"parameter, generate/genvar"
0009,"Combinational logic (4-to-1 multiplexer, case)",2,"always_comb, case"
0010,Combinational logic (2-to-4 decoder),2,"decoders, one-hot, enable"
0011,"Combinational logic (priority encoder, casez)",3,"casez, don't-cares, priority"
0012,Combinational logic (avoiding inferred latches),3,"always_comb completeness, default assignment"
0013,Combinational logic (tri-state / output-enable),3,"high-impedance z, buses, output enable"
0014,SystemVerilog types (enum & ALU),3,"enum, case, status flags"
0015,SystemVerilog types (packed struct & typedef),3,"struct packed, typedef, bit layout"
0016,Parameters (parameterized population count),3,"parameter, $clog2"
0017,Subprograms (functions),3,"function automatic, reuse"
0018,Sequential logic (D flip-flop),2,"always_ff, non-blocking <=, clock edge"
0019,Sequential logic (reset styles),3,"reset, sensitivity lists"
0020,Sequential logic (enable & load),2,"clock enable, hold"
0021,Sequential logic (blocking vs non-blocking),3,"= vs <=, scheduling"
0022,Sequential logic (shift register),2,"shifting, serial-in parallel-out"
0023,Sequential logic (up/down counter),3,"counters, load/enable priority"
0024,Sequential logic (LFSR),3,"feedback shift register, XOR taps"
0025,Sequential logic (memory / register file),3,"2-D arrays, synchronous write, registered read"
0026,Finite state machine (edge detector),3,"registering history, one-cycle pulse"
0027,Finite state machine (Moore sequence detector),4,"enum FSM, Moore output, overlap"
0028,Finite state machine (Mealy detector),3,Mealy vs Moore
0029,Finite state machine (switch debouncer),4,"counter + FSM, glitch rejection"
0030,Finite state machine (valid/ready handshake),4,"ready/valid, backpressure, interfaces"
0031,"Finite state machine (UART transmitter, hero)",5,"FSM + datapath, serialization, timing"
0032,Module instantiation (by position),2,"module instantiation, positional ports"
0033,Module instantiation (by name),2,named port connection .port(sig)
0034,Module instantiation (parameter override),3,"#(.PARAM(value)), parameterized reuse"
0035,Module instantiation (connecting instances & vectors),3,"wiring instances, vector ports, tap mux"
0036,Module instantiation (hierarchical adder),3,"hierarchy, carry chaining"
0037,Module instantiation (adder-subtractor),4,"two's complement, XOR trick, hierarchical reuse"
0038,Subprograms (functions & tasks),3,"function return, task outputs, automatic"
0039,Procedural programming (fork family: join / join_any / join_none),3,"fork/join, concurrency, simulation-only"
0040,Writing a testbench (clock & reset),3,"initial, clock modelling, reset stimulus, simulation-only"
0041,Writing a testbench (stimulus with a task),4,"task, driving transactions, reuse, simulation-only"
